Order_ID,Gender_Category,Product_Line,Product_Name,Size,Units_Sold,MRP,Discount_Applied,Revenue,Order_Date,Sales_Channel,Region,Profit
2000,Kids,Training,SuperRep Go,M,1,6110.030000000001,0.47,3238.3159000000005,2024-03-09,Online,Bangalore,1295.3263600000002
2001,Women,Soccer,Tiempo Legend,M,3,4957.93,0.0,14873.79,2024-07-09,Retail,Hyderabad,5949.5160000000005
2014,Women,Running,React Infinity,11,1,6110.030000000001,0.0,6110.030000000001,2025-04-12,Online,Bangalore,2444.012
2026,Kids,Lifestyle,Blazer Mid,XL,1,6110.030000000001,0.16,5132.425200000001,2024-08-10,Retail,Kolkata,2052.9700800000005
2029,Men,Training,ZoomX Invincible,12,0,6110.030000000001,0.0,0.0,2023-10-28,Online,Bangalore,0.0
2031,Men,Soccer,Premier III,UNKNOWN,4,3493.04,0.82,2514.9888000000005,2024-05-09,Online,Delhi,1005.9955200000003
2043,Men,Soccer,Premier III,XL,1,3492.89,0.77,803.3646999999999,2024-05-02,Retail,Delhi,321.34587999999997
2044,Kids,Training,SuperRep Go,UNKNOWN,1,6110.030000000001,0.0,6110.030000000001,2023-09-06,Online,Delhi,2444.012
2045,Kids,Lifestyle,Dunk Low,XL,4,6110.030000000001,0.0,24440.120000000003,2025-04-06,Retail,Delhi,9776.048
2047,Women,Training,SuperRep Go,10,1,8577.75,0.0,8577.75,2024-06-13,Retail,Bangalore,3431.1000000000004
2051,Women,Basketball,Air Jordan,XL,1,6110.030000000001,0.37,3849.3189,2024-01-05,Retail,Delhi,1539.7275600000003
2052,Men,Training,Flex Trainer,10,3,9155.96,0.0,27467.879999999997,2024-10-08,Retail,Pune,10987.152
2056,Men,Running,React Infinity,L,3,6110.030000000001,0.0,18330.090000000004,2024-05-31,Retail,Bangalore,7332.036000000002
2059,Kids,Soccer,Phantom GT,UNKNOWN,1,9507.54,0.0,9507.54,2023-12-27,Retail,Delhi,3803.0160000000005
2060,Men,Lifestyle,Waffle One,L,2,7979.26,0.0,15958.52,2024-07-11,Online,Bangalore,6383.408
2065,Women,Lifestyle,Waffle One,10,1,6110.030000000001,0.78,1344.2066,2024-02-11,Retail,Hyderabad,537.68264
2066,Men,Soccer,Phantom GT,XL,1,5259.05,0.0,5259.05,2024-12-10,Online,Mumbai,2103.6200000000003
2069,Women,Training,SuperRep Go,UNKNOWN,1,7502.24,0.0,7502.24,2025-07-14,Online,Pune,3000.896
2077,Men,Training,ZoomX Invincible,L,1,6110.030000000001,0.0,6110.030000000001,2023-11-21,Online,Pune,2444.012
2080,Men,Lifestyle,Blazer Mid,L,1,6110.030000000001,0.0,6110.030000000001,2025-03-31,Online,Bangalore,2444.012
2028,Men,Running,Free RN,UNKNOWN,1,6110.030000000001,0.21,4826.9237,2024-02-14,Online,Hyderabad,1930.7694800000002
2084,Men,Training,Metcon 7,M,2,6110.030000000001,0.0,12220.060000000001,2023-12-24,Online,Mumbai,4888.024
2086,Men,Soccer,Mercurial Superfly,L,0,6110.030000000001,0.45,0.0,2024-10-11,Online,Kolkata,0.0
2098,Men,Training,ZoomX Invincible,L,1,5690.69,0.69,1764.1139000000003,2024-01-24,Online,Hyderabad,705.6455600000002
2100,Kids,Soccer,Phantom GT,8,1,5937.52,0.0,5937.52,2025-07-11,Retail,Mumbai,2375.0080000000003
2110,Kids,Running,Air Zoom,12,1,6110.030000000001,0.42,3543.817400000001,2024-12-25,Retail,Pune,1417.5269600000004
2113,Women,Basketball,Air Jordan,XL,1,3939.34,0.0,3939.34,2023-12-19,Retail,Pune,1575.736
2117,Women,Training,SuperRep Go,L,0,7645.96,0.0,0.0,2024-10-30,Online,Pune,0.0
2118,Kids,Basketball,Zoom Freak,XL,2,8426.54,0.0,16853.08,2023-09-21,Online,Hyderabad,6741.232000000001
2000,Kids,Running,React Infinity,M,1,6110.030000000001,0.0,6110.030000000001,2023-11-20,Retail,Kolkata,2444.012
2127,Men,Training,Metcon 7,L,1,4020.5,0.0,4020.5,2023-08-19,Online,Mumbai,1608.2
2135,Men,Basketball,Zoom Freak,L,2,9106.61,0.74,4735.4372,2024-11-03,Retail,Hyderabad,1894.1748800000003
2136,Kids,Training,ZoomX Invincible,L,1,6110.030000000001,0.0,6110.030000000001,2024-09-15,Online,Pune,2444.012
2141,Kids,Soccer,Tiempo Legend,UNKNOWN,1,6110.030000000001,1.0,0.0,2023-11-22,Retail,Kolkata,0.0
2142,Kids,Soccer,Mercurial Superfly,UNKNOWN,1,6110.030000000001,0.0,6110.030000000001,2024-10-03,Retail,Kolkata,2444.012
2147,Women,Soccer,Phantom GT,XL,1,6110.030000000001,0.0,6110.030000000001,2024-09-14,Online,Hyderabad,2444.012
2151,Kids,Soccer,Tiempo Legend,L,4,5619.75,0.0,22479.0,2025-05-27,Online,Bangalore,8991.6
2154,Kids,Lifestyle,Blazer Mid,XL,1,2963.16,0.0,2963.16,2025-04-01,Online,Bangalore,1185.264
2160,Kids,Running,Air Zoom,XL,1,6110.030000000001,0.0,6110.030000000001,2025-03-01,Retail,Mumbai,2444.012
2168,Women,Running,Pegasus Turbo,UNKNOWN,1,6110.030000000001,0.85,916.5045000000002,2024-08-01,Retail,Kolkata,366.60180000000014
2022,Women,Lifestyle,Air Force 1,L,1,9378.52,1.0,0.0,2023-10-29,Retail,Mumbai,0.0
2177,Women,Lifestyle,Waffle One,XL,1,6110.030000000001,0.0,6110.030000000001,2025-06-27,Retail,Mumbai,2444.012
2179,Women,Training,ZoomX Invincible,M,3,6110.030000000001,0.0,18330.090000000004,2024-01-26,Retail,Pune,7332.036000000002
2180,Women,Basketball,LeBron 20,XL,1,6110.030000000001,0.0,6110.030000000001,2024-05-15,Online,Pune,2444.012
2192,Men,Basketball,Kyrie Flytrap,XL,1,6110.030000000001,0.0,6110.030000000001,2023-10-13,Retail,Delhi,2444.012
2193,Women,Lifestyle,Waffle One,XL,1,6110.030000000001,1.0,0.0,2025-01-17,Retail,Delhi,0.0
2196,Kids,Soccer,Premier III,L,2,2708.73,0.0,5417.46,2025-06-30,Online,Delhi,2166.984
2197,Kids,Training,ZoomX Invincible,L,3,6110.030000000001,0.0,18330.090000000004,2024-10-06,Online,Bangalore,7332.036000000002
2201,Women,Training,SuperRep Go,11,1,6110.030000000001,0.0,6110.030000000001,2024-05-10,Online,Mumbai,2444.012
2000,Kids,Training,Metcon 7,UNKNOWN,4,6110.030000000001,0.94,1466.4072000000015,2024-02-27,Retail,Bangalore,586.5628800000006
2221,Kids,Lifestyle,Waffle One,L,2,3375.97,0.0,6751.94,2024-01-06,Retail,Mumbai,2700.776
2222,Men,Training,ZoomX Invincible,XL,2,8897.19,0.11,15836.998200000002,2024-12-21,Retail,Mumbai,6334.799280000001
2223,Kids,Training,Flex Trainer,M,1,9180.15,0.0,9180.15,2025-02-15,Online,Kolkata,3672.06
2231,Kids,Training,Flex Trainer,9,0,6110.030000000001,1.0,0.0,2025-01-04,Online,Bangalore,0.0
2234,Men,Training,Flex Trainer,UNKNOWN,4,6189.1,1.0,0.0,2024-12-21,Retail,Bangalore,0.0
2248,Men,Training,Metcon 7,M,4,8249.96,0.24,25079.878399999998,2024-01-16,Online,Bangalore,10031.95136
2249,Men,Training,Flex Trainer,M,1,7730.77,0.0,7730.77,2024-05-28,Online,Delhi,3092.3080000000004
2250,Men,Basketball,Kyrie Flytrap,XL,1,6110.030000000001,0.0,6110.030000000001,2024-10-01,Retail,Pune,2444.012
2258,Women,Lifestyle,Dunk Low,L,1,6110.030000000001,0.39,3727.1183000000005,2023-11-21,Online,Mumbai,1490.8473200000003
2262,Women,Running,Pegasus Turbo,L,0,6110.030000000001,0.0,0.0,2024-09-15,Retail,Pune,0.0
2264,Men,Training,ZoomX Invincible,UNKNOWN,4,5622.32,1.0,0.0,2024-04-22,Retail,Bangalore,0.0
2267,Women,Running,Air Zoom,M,1,3075.72,0.0,3075.72,2024-12-20,Retail,Kolkata,1230.288
2268,Men,Soccer,Mercurial Superfly,M,3,7330.81,0.0,21992.43,2023-11-16,Online,Kolkata,8796.972
2269,Women,Training,ZoomX Invincible,11,4,6424.32,0.0,25697.28,2024-07-14,Retail,Mumbai,10278.912
2271,Kids,Lifestyle,Waffle One,9,1,5116.58,0.07,4758.4194,2024-05-03,Retail,Delhi,1903.36776
2273,Kids,Running,Free RN,M,1,4004.36,0.0,4004.36,2024-01-30,Online,Kolkata,1601.7440000000001
2276,Kids,Lifestyle,Air Force 1,L,1,6066.5,0.0,6066.5,2023-08-29,Retail,Kolkata,2426.6
2279,Women,Lifestyle,Blazer Mid,6,1,6110.030000000001,0.0,6110.030000000001,2024-08-03,Retail,Mumbai,2444.012
2281,Kids,Lifestyle,Waffle One,M,2,6110.030000000001,0.0,12220.060000000001,2025-07-13,Retail,Kolkata,4888.024
2286,Women,Lifestyle,Waffle One,UNKNOWN,1,6110.030000000001,0.0,6110.030000000001,2024-10-16,Online,Bangalore,2444.012
2317,Men,Training,Flex Trainer,M,1,9695.44,1.0,0.0,2024-09-13,Online,Kolkata,0.0
2321,Men,Lifestyle,Dunk Low,8,1,6110.030000000001,0.0,6110.030000000001,2024-06-10,Online,Mumbai,2444.012
2332,Kids,Training,Flex Trainer,UNKNOWN,1,6110.030000000001,0.22,4765.8234,2024-07-15,Retail,Pune,1906.3293600000002
2334,Women,Training,SuperRep Go,L,4,6110.030000000001,0.82,4399.221600000002,2024-06-06,Retail,Mumbai,1759.6886400000008
2335,Women,Running,Free RN,XL,0,5620.64,0.0,0.0,2024-01-05,Online,Mumbai,0.0
2336,Kids,Soccer,Mercurial Superfly,8,4,8482.43,0.0,33929.72,2023-10-22,Online,Pune,13571.888
2342,Women,Training,Metcon 7,XL,1,6110.030000000001,0.0,6110.030000000001,2024-08-19,Retail,Kolkata,2444.012
2348,Kids,Training,Metcon 7,XL,1,6591.41,0.0,6591.41,2025-04-29,Retail,Delhi,2636.5640000000003
2349,Kids,Soccer,Tiempo Legend,10,3,6110.030000000001,0.0,18330.090000000004,2023-10-25,Online,Delhi,7332.036000000002
2353,Kids,Training,ZoomX Invincible,9,0,6110.030000000001,0.22,0.0,2024-10-03,Retail,Bangalore,0.0
2368,Women,Lifestyle,Waffle One,L,1,5582.98,0.0,5582.98,2023-08-04,Retail,Delhi,2233.192
2372,Men,Running,Free RN,UNKNOWN,1,7624.86,0.0,7624.86,2025-05-23,Online,Kolkata,3049.944
2006,Women,Basketball,Zoom Freak,L,1,8799.22,0.0,8799.22,2023-08-13,Retail,Bangalore,3519.688
2379,Men,Lifestyle,Air Force 1,L,4,6110.030000000001,0.0,24440.120000000003,2024-04-09,Online,Mumbai,9776.048
2382,Men,Lifestyle,Waffle One,L,4,6110.030000000001,0.0,24440.120000000003,2024-03-09,Retail,Mumbai,9776.048
2394,Kids,Lifestyle,Air Force 1,XL,1,6110.030000000001,0.2,4888.024,2023-08-18,Online,Delhi,1955.2096000000001
2397,Men,Soccer,Phantom GT,XL,1,6110.030000000001,0.0,6110.030000000001,2023-12-27,Retail,Mumbai,2444.012
2399,Women,Running,Air Zoom,L,1,6188.29,0.0,6188.29,2024-08-07,Retail,Pune,2475.3160000000003
2025,Kids,Training,ZoomX Invincible,XL,4,6743.07,0.0,26972.28,2024-10-09,Online,Pune,10788.912
2402,Kids,Running,React Infinity,UNKNOWN,1,6437.85,0.0,6437.85,2025-03-09,Online,Mumbai,2575.1400000000003
2404,Men,Lifestyle,Blazer Mid,XL,1,6110.030000000001,0.09,5560.127300000001,2024-01-25,Online,Pune,2224.0509200000006
2405,Men,Basketball,Kyrie Flytrap,6,1,6110.030000000001,0.0,6110.030000000001,2024-11-17,Online,Kolkata,2444.012
2406,Men,Training,Metcon 7,L,4,6458.72,0.0,25834.88,2023-09-17,Online,Mumbai,10333.952000000001
2407,Kids,Running,Free RN,6,1,9193.15,0.0,9193.15,2023-12-30,Online,Kolkata,3677.26
2414,Women,Basketball,Air Jordan,XL,1,8141.8,0.0,8141.8,2024-01-25,Online,Hyderabad,3256.7200000000003
2418,Men,Soccer,Phantom GT,XL,1,9288.75,0.54,4272.825,2025-04-29,Retail,Mumbai,1709.13
2419,Men,Lifestyle,Dunk Low,L,1,8738.99,0.47,4631.6647,2024-07-14,Online,Hyderabad,1852.6658800000002
2420,Kids,Basketball,Zoom Freak,9,1,6110.030000000001,1.0,0.0,2024-04-11,Online,Hyderabad,0.0
2421,Women,Running,React Infinity,M,2,8136.39,0.0,16272.78,2025-03-10,Retail,Pune,6509.112000000001
2025,Kids,Training,Flex Trainer,11,1,4554.97,0.0,4554.97,2025-03-05,Retail,Hyderabad,1821.9880000000003
2427,Men,Running,Pegasus Turbo,7,1,2904.11,0.0,2904.11,2025-06-13,Online,Delhi,1161.644
2432,Women,Basketball,Zoom Freak,L,1,3036.61,0.86,425.12540000000007,2024-10-26,Online,Mumbai,170.05016000000003
2435,Kids,Lifestyle,Waffle One,XL,1,5853.58,0.0,5853.58,2024-04-01,Retail,Kolkata,2341.4320000000002
2438,Men,Training,Metcon 7,8,1,6110.030000000001,0.0,6110.030000000001,2024-11-24,Retail,Mumbai,2444.012
2444,Women,Lifestyle,Blazer Mid,XL,3,3676.04,0.0,11028.119999999999,2025-05-25,Retail,Pune,4411.248
2447,Kids,Lifestyle,Waffle One,XL,1,6110.030000000001,0.0,6110.030000000001,2024-05-04,Online,Kolkata,2444.012
2003,Women,Lifestyle,Waffle One,XL,2,8516.45,0.22,13285.662000000002,2023-09-30,Online,Kolkata,5314.264800000001
2451,Kids,Soccer,Premier III,UNKNOWN,2,6110.030000000001,0.54,5621.2276,2023-11-04,Online,Mumbai,2248.4910400000003
2456,Women,Soccer,Premier III,M,0,4254.68,0.0,0.0,2025-03-15,Retail,Kolkata,0.0
2458,Kids,Soccer,Phantom GT,UNKNOWN,1,6110.030000000001,0.0,6110.030000000001,2023-12-20,Retail,Pune,2444.012
2459,Kids,Basketball,Air Jordan,M,1,3572.52,0.0,3572.52,2024-04-20,Retail,Kolkata,1429.008
2460,Women,Basketball,Zoom Freak,XL,2,5482.96,0.35,7127.848,2024-11-04,Online,Kolkata,2851.1392
2462,Men,Basketball,Zoom Freak,8,1,4468.7,0.49,2279.037,2025-01-23,Retail,Pune,911.6148
2464,Women,Lifestyle,Blazer Mid,XL,3,2699.59,0.0,8098.77,2024-06-30,Retail,Hyderabad,3239.5080000000003
2467,Kids,Training,SuperRep Go,M,1,8484.82,0.0,8484.82,2023-11-05,Online,Mumbai,3393.928
2469,Men,Training,Metcon 7,XL,4,6110.030000000001,1.0,0.0,2025-05-21,Retail,Mumbai,0.0
2475,Men,Running,Free RN,L,2,6110.030000000001,1.0,0.0,2025-01-07,Online,Bangalore,0.0
2487,Men,Running,Air Zoom,L,3,5881.13,0.8,3528.677999999999,2025-03-31,Online,Hyderabad,1411.4711999999997
2497,Kids,Basketball,Air Jordan,XL,1,6110.030000000001,0.0,6110.030000000001,2023-11-29,Online,Mumbai,2444.012
2499,Women,Soccer,Premier III,L,1,8347.87,0.0,8347.87,2024-06-07,Retail,Hyderabad,3339.1480000000006
2502,Women,Basketball,Kyrie Flytrap,M,0,6110.030000000001,0.0,0.0,2023-09-10,Retail,Mumbai,0.0
2507,Men,Soccer,Phantom GT,L,2,6110.030000000001,0.0,12220.060000000001,2024-03-13,Retail,Hyderabad,4888.024
2516,Kids,Running,React Infinity,UNKNOWN,1,6110.030000000001,0.0,6110.030000000001,2024-01-21,Online,Pune,2444.012
2518,Women,Basketball,Air Jordan,L,1,6110.030000000001,1.0,0.0,2024-07-03,Retail,Delhi,0.0
2519,Women,Running,React Infinity,L,1,9701.72,0.0,9701.72,2024-11-10,Online,Hyderabad,3880.688
2522,Men,Running,Pegasus Turbo,XL,4,6243.91,0.0,24975.64,2024-02-13,Retail,Kolkata,9990.256000000001
2525,Women,Training,Metcon 7,XL,2,6110.030000000001,0.0,12220.060000000001,2025-02-18,Retail,Kolkata,4888.024
2526,Kids,Lifestyle,Waffle One,10,1,6110.030000000001,0.0,6110.030000000001,2024-08-01,Retail,Hyderabad,2444.012
2527,Men,Lifestyle,Air Force 1,XL,1,7408.91,0.0,7408.91,2024-03-18,Online,Delhi,2963.5640000000003
2533,Women,Training,Flex Trainer,L,1,6110.030000000001,1.0,0.0,2024-01-31,Online,Mumbai,0.0
2540,Women,Lifestyle,Air Force 1,L,1,8794.64,0.0,8794.64,2025-01-09,Online,Mumbai,3517.8559999999998
2550,Men,Soccer,Premier III,XL,1,6121.21,0.05,5815.1494999999995,2023-09-08,Online,Kolkata,2326.0598
2553,Kids,Basketball,Kyrie Flytrap,UNKNOWN,1,6708.16,0.0,6708.16,2025-02-24,Online,Delhi,2683.264
2561,Women,Soccer,Tiempo Legend,XL,1,3642.21,0.0,3642.21,2024-03-25,Online,Bangalore,1456.884
2562,Kids,Training,ZoomX Invincible,L,1,6110.030000000001,0.0,6110.030000000001,2024-12-21,Retail,Mumbai,2444.012
2563,Men,Soccer,Mercurial Superfly,M,2,9443.35,0.54,8687.882,2025-04-13,Retail,Kolkata,3475.1528
2564,Women,Basketball,LeBron 20,M,1,6110.030000000001,0.72,1710.8084000000003,2023-08-07,Online,Delhi,684.3233600000002
2565,Women,Lifestyle,Dunk Low,XL,4,3028.41,0.0,12113.64,2024-09-18,Online,Mumbai,4845.456
2571,Kids,Soccer,Phantom GT,6,1,4728.95,0.0,4728.95,2023-11-28,Retail,Mumbai,1891.58
2572,Men,Lifestyle,Waffle One,XL,1,2729.99,0.76,655.1976,2024-01-31,Retail,Pune,262.07904
2577,Women,Running,Air Zoom,L,1,5545.52,0.0,5545.52,2023-11-16,Retail,Mumbai,2218.208
2589,Men,Training,Metcon 7,M,3,6110.030000000001,0.0,18330.090000000004,2024-09-17,Online,Kolkata,7332.036000000002
2594,Women,Training,ZoomX Invincible,XL,3,7944.34,0.67,7864.896599999999,2024-02-23,Retail,Hyderabad,3145.95864
2595,Men,Basketball,LeBron 20,XL,0,6110.030000000001,0.0,0.0,2024-02-23,Retail,Delhi,0.0
2603,Women,Running,Air Zoom,L,0,6110.030000000001,0.0,0.0,2025-03-18,Online,Hyderabad,0.0
2047,Men,Soccer,Phantom GT,UNKNOWN,4,6136.45,0.0,24545.8,2024-12-17,Online,Kolkata,9818.32
2605,Kids,Lifestyle,Dunk Low,UNKNOWN,1,7206.45,0.0,7206.45,2025-02-01,Online,Bangalore,2882.58
2607,Women,Basketball,LeBron 20,UNKNOWN,1,6110.030000000001,0.0,6110.030000000001,2023-08-31,Online,Kolkata,2444.012
2610,Women,Lifestyle,Blazer Mid,M,1,8359.07,0.0,8359.07,2025-05-06,Online,Bangalore,3343.628
2612,Women,Training,Flex Trainer,M,0,6110.030000000001,0.0,0.0,2023-08-10,Retail,Mumbai,0.0
2616,Men,Lifestyle,Waffle One,XL,1,6110.030000000001,0.2,4888.024,2024-06-07,Online,Kolkata,1955.2096000000001
2619,Kids,Lifestyle,Waffle One,L,4,6110.030000000001,0.65,8554.042000000001,2024-01-22,Online,Hyderabad,3421.6168000000007
2621,Kids,Soccer,Phantom GT,L,3,6466.57,0.59,7953.8811000000005,2024-05-19,Online,Bangalore,3181.5524400000004
2625,Kids,Training,Flex Trainer,M,1,6815.44,0.0,6815.44,2025-02-05,Online,Pune,2726.176
2627,Women,Basketball,LeBron 20,7,1,6110.030000000001,0.0,6110.030000000001,2023-12-31,Online,Delhi,2444.012
2632,Men,Running,Pegasus Turbo,L,1,7504.2,0.99,75.04200000000006,2024-03-10,Online,Pune,30.016800000000025
2635,Women,Running,React Infinity,M,1,3934.22,0.0,3934.22,2024-02-28,Online,Kolkata,1573.688
2638,Men,Soccer,Premier III,8,1,5028.99,0.0,5028.99,2024-01-22,Online,Pune,2011.596
2639,Men,Lifestyle,Blazer Mid,XL,1,2597.93,0.0,2597.93,2025-06-25,Retail,Pune,1039.172
2648,Men,Running,React Infinity,L,1,3477.49,0.54,1599.6453999999999,2025-03-06,Retail,Delhi,639.85816
2650,Men,Lifestyle,Blazer Mid,UNKNOWN,1,6110.030000000001,0.0,6110.030000000001,2023-08-14,Retail,Bangalore,2444.012
2651,Kids,Basketball,Air Jordan,L,1,6110.030000000001,0.0,6110.030000000001,2024-10-27,Online,Kolkata,2444.012
2654,Kids,Soccer,Tiempo Legend,M,1,6110.030000000001,0.0,6110.030000000001,2024-07-21,Online,Bangalore,2444.012
2658,Women,Lifestyle,Dunk Low,L,1,6110.030000000001,0.0,6110.030000000001,2025-04-26,Online,Delhi,2444.012
2027,Men,Soccer,Premier III,12,4,7204.01,0.0,28816.04,2025-06-15,Retail,Delhi,11526.416000000001
2679,Men,Training,Flex Trainer,M,1,2758.08,0.04,2647.7567999999997,2024-07-05,Online,Bangalore,1059.1027199999999
2031,Women,Soccer,Phantom GT,L,1,6110.030000000001,0.0,6110.030000000001,2024-07-12,Online,Mumbai,2444.012
2692,Women,Training,Metcon 7,XL,1,6110.030000000001,0.47,3238.3159000000005,2024-06-02,Online,Bangalore,1295.3263600000002
2703,Kids,Running,Pegasus Turbo,L,1,5214.32,0.0,5214.32,2025-06-24,Online,Kolkata,2085.728
2705,Men,Running,Pegasus Turbo,UNKNOWN,1,6110.030000000001,0.0,6110.030000000001,2024-01-07,Retail,Pune,2444.012
2715,Kids,Basketball,LeBron 20,L,0,6110.030000000001,1.0,0.0,2025-06-13,Online,Kolkata,0.0
2719,Women,Training,Metcon 7,UNKNOWN,1,4819.76,0.0,4819.76,2024-03-22,Retail,Kolkata,1927.9040000000002
2721,Kids,Training,Flex Trainer,L,0,6110.030000000001,0.0,0.0,2023-11-11,Online,Bangalore,0.0
2724,Women,Training,Flex Trainer,L,1,8007.22,0.0,8007.22,2025-01-16,Online,Delhi,3202.8880000000004
2732,Women,Training,SuperRep Go,M,0,3402.8,0.0,0.0,2025-03-01,Online,Hyderabad,0.0
2733,Women,Running,Free RN,L,1,6743.38,0.0,6743.38,2024-11-22,Online,Pune,2697.3520000000003
2736,Men,Soccer,Tiempo Legend,UNKNOWN,1,6110.030000000001,0.49,3116.1153000000004,2025-02-22,Retail,Delhi,1246.4461200000003
2738,Women,Training,ZoomX Invincible,M,3,6110.030000000001,0.39,11181.354900000002,2025-05-11,Retail,Pune,4472.541960000001
2741,Women,Training,SuperRep Go,L,1,5241.9,0.0,5241.9,2025-01-15,Online,Hyderabad,2096.7599999999998
2754,Kids,Training,ZoomX Invincible,XL,1,6110.030000000001,0.0,6110.030000000001,2025-01-03,Online,Kolkata,2444.012
2756,Women,Lifestyle,Waffle One,UNKNOWN,1,8510.85,1.0,0.0,2023-09-21,Retail,Bangalore,0.0
2759,Kids,Soccer,Premier III,UNKNOWN,1,6110.030000000001,0.0,6110.030000000001,2024-01-26,Retail,Delhi,2444.012
2771,Men,Running,Pegasus Turbo,M,1,5222.92,0.0,5222.92,2025-05-26,Online,Delhi,2089.168
2776,Men,Training,Flex Trainer,L,1,6110.030000000001,0.0,6110.030000000001,2025-03-17,Retail,Mumbai,2444.012
2779,Kids,Basketball,Kyrie Flytrap,UNKNOWN,1,6110.030000000001,0.09,5560.127300000001,2024-12-06,Online,Bangalore,2224.0509200000006
2781,Men,Training,Metcon 7,12,1,6546.59,0.68,2094.9087999999997,2023-09-03,Retail,Bangalore,837.9635199999999
2788,Women,Soccer,Mercurial Superfly,M,1,7478.84,0.0,7478.84,2024-01-04,Retail,Hyderabad,2991.536
2789,Kids,Lifestyle,Dunk Low,M,1,6110.030000000001,0.0,6110.030000000001,2024-01-15,Retail,Kolkata,2444.012
2791,Kids,Training,Metcon 7,M,1,6110.030000000001,0.0,6110.030000000001,2024-05-29,Retail,Delhi,2444.012
2796,Men,Lifestyle,Dunk Low,12,1,2849.49,0.0,2849.49,2023-11-08,Retail,Mumbai,1139.796
2797,Women,Lifestyle,Dunk Low,UNKNOWN,1,2162.29,0.0,2162.29,2025-03-30,Retail,Delhi,864.916
2801,Women,Running,React Infinity,8,2,6110.030000000001,0.0,12220.060000000001,2024-02-13,Retail,Mumbai,4888.024
2802,Men,Running,Free RN,L,3,6110.030000000001,0.0,18330.090000000004,2024-01-19,Online,Kolkata,7332.036000000002
2803,Women,Soccer,Mercurial Superfly,XL,0,6110.030000000001,0.0,0.0,2023-11-02,Online,Hyderabad,0.0
2805,Women,Running,Pegasus Turbo,L,1,6110.030000000001,0.82,1099.8054000000004,2023-08-28,Online,Pune,439.9221600000002
2806,Kids,Basketball,Kyrie Flytrap,7,3,4466.78,0.0,13400.34,2024-02-10,Online,Bangalore,5360.136
2819,Kids,Soccer,Premier III,9,1,7645.41,0.0,7645.41,2025-01-20,Retail,Bangalore,3058.164
2829,Men,Basketball,LeBron 20,XL,1,6110.030000000001,0.0,6110.030000000001,2024-07-17,Online,Kolkata,2444.012
2832,Kids,Basketball,Kyrie Flytrap,UNKNOWN,0,6110.030000000001,0.15,0.0,2024-05-17,Retail,Hyderabad,0.0
2834,Kids,Training,Flex Trainer,M,1,9544.08,0.0,9544.08,2024-09-05,Retail,Kolkata,3817.632
2835,Women,Lifestyle,Air Force 1,UNKNOWN,1,9240.64,0.63,3419.0368,2024-10-07,Retail,Pune,1367.61472
2836,Men,Basketball,Kyrie Flytrap,L,0,9098.9,0.75,0.0,2025-07-22,Retail,Delhi,0.0
2050,Women,Lifestyle,Blazer Mid,L,1,6110.030000000001,0.0,6110.030000000001,2024-11-28,Online,Kolkata,2444.012
2842,Women,Soccer,Phantom GT,M,1,6110.030000000001,0.0,6110.030000000001,2025-01-19,Online,Bangalore,2444.012
2845,Men,Training,ZoomX Invincible,UNKNOWN,1,6110.030000000001,0.0,6110.030000000001,2023-10-31,Retail,Pune,2444.012
2008,Men,Running,Air Zoom,XL,1,6110.030000000001,0.0,6110.030000000001,2024-07-25,Retail,Mumbai,2444.012
2850,Kids,Lifestyle,Waffle One,XL,2,6110.030000000001,0.0,12220.060000000001,2024-11-10,Retail,Pune,4888.024
2851,Kids,Lifestyle,Blazer Mid,XL,1,2241.11,0.0,2241.11,2024-12-28,Online,Mumbai,896.4440000000001
2854,Women,Basketball,LeBron 20,UNKNOWN,1,6110.030000000001,0.98,122.20060000000012,2023-11-07,Online,Pune,48.88024000000005
2856,Kids,Basketball,Kyrie Flytrap,M,1,6110.030000000001,1.0,0.0,2023-10-12,Online,Kolkata,0.0
2863,Women,Training,Metcon 7,6,1,8609.77,0.0,8609.77,2024-11-23,Retail,Pune,3443.9080000000004
2867,Men,Soccer,Mercurial Superfly,11,1,9936.58,0.0,9936.58,2025-02-20,Online,Hyderabad,3974.632
2872,Men,Basketball,Kyrie Flytrap,M,1,3953.13,0.0,3953.13,2024-01-08,Online,Kolkata,1581.2520000000002
2874,Women,Soccer,Mercurial Superfly,L,1,6110.030000000001,0.01,6048.929700000001,2024-03-04,Retail,Delhi,2419.5718800000004
2877,Women,Basketball,Kyrie Flytrap,UNKNOWN,1,6110.030000000001,0.0,6110.030000000001,2024-12-08,Retail,Kolkata,2444.012
2887,Women,Lifestyle,Waffle One,L,1,9292.33,0.0,9292.33,2024-02-25,Online,Hyderabad,3716.9320000000002
2892,Women,Running,Free RN,M,4,6110.030000000001,0.0,24440.120000000003,2024-11-24,Online,Bangalore,9776.048
2893,Women,Running,React Infinity,10,1,6110.030000000001,0.61,2382.9117,2025-04-01,Retail,Delhi,953.1646800000001
2899,Men,Basketball,LeBron 20,L,3,6531.36,0.0,19594.079999999998,2025-05-17,Online,Mumbai,7837.632
2006,Men,Lifestyle,Waffle One,XL,2,6110.030000000001,0.0,12220.060000000001,2023-09-26,Retail,Mumbai,4888.024
2906,Women,Lifestyle,Waffle One,7,1,6110.030000000001,0.0,6110.030000000001,2024-08-25,Retail,Delhi,2444.012
2907,Men,Soccer,Premier III,L,1,8432.5,0.0,8432.5,2024-02-25,Retail,Kolkata,3373.0
2909,Women,Running,Air Zoom,XL,1,7617.75,0.33,5103.892499999999,2024-08-20,Retail,Pune,2041.5569999999998
2911,Kids,Basketball,Zoom Freak,M,1,6110.030000000001,0.0,6110.030000000001,2023-10-26,Retail,Mumbai,2444.012
2912,Kids,Running,React Infinity,XL,2,9839.63,0.98,393.5852000000003,2024-03-07,Online,Bangalore,157.43408000000014
2916,Kids,Lifestyle,Blazer Mid,XL,1,6110.030000000001,0.0,6110.030000000001,2024-08-05,Retail,Hyderabad,2444.012
2929,Kids,Soccer,Tiempo Legend,M,1,6589.95,0.0,6589.95,2024-04-01,Retail,Hyderabad,2635.98
2931,Men,Basketball,Zoom Freak,7,1,6110.030000000001,0.0,6110.030000000001,2023-08-25,Retail,Pune,2444.012
2933,Women,Training,ZoomX Invincible,UNKNOWN,2,9501.17,0.0,19002.34,2024-04-13,Retail,Hyderabad,7600.936000000001
2934,Women,Basketball,LeBron 20,XL,1,2370.91,0.0,2370.91,2024-03-14,Online,Mumbai,948.364
2935,Men,Lifestyle,Dunk Low,L,4,6110.030000000001,0.0,24440.120000000003,2024-05-13,Online,Hyderabad,9776.048
2936,Women,Training,Flex Trainer,XL,1,6496.58,0.29,4612.5718,2024-07-31,Retail,Pune,1845.02872
2941,Men,Lifestyle,Blazer Mid,XL,1,9331.65,0.0,9331.65,2025-05-02,Retail,Kolkata,3732.66
2949,Men,Running,React Infinity,M,1,6110.030000000001,0.49,3116.1153000000004,2025-07-05,Online,Delhi,1246.4461200000003
2952,Kids,Training,SuperRep Go,XL,1,5443.44,0.0,5443.44,2024-09-13,Retail,Kolkata,2177.3759999999997
2956,Kids,Training,ZoomX Invincible,UNKNOWN,4,6110.030000000001,0.86,3421.6168000000007,2024-05-16,Online,Mumbai,1368.6467200000004
2961,Kids,Soccer,Tiempo Legend,XL,1,6110.030000000001,0.0,6110.030000000001,2024-11-21,Retail,Mumbai,2444.012
2964,Kids,Basketball,Zoom Freak,UNKNOWN,1,6110.030000000001,0.0,6110.030000000001,2024-06-17,Online,Mumbai,2444.012
2966,Kids,Training,Flex Trainer,8,3,6110.030000000001,0.0,18330.090000000004,2025-02-27,Online,Pune,7332.036000000002
2981,Kids,Soccer,Premier III,M,4,5185.52,0.0,20742.08,2025-01-10,Retail,Pune,8296.832
2985,Kids,Running,Free RN,UNKNOWN,1,8996.05,0.48,4677.946,2024-05-16,Online,Bangalore,1871.1784
2989,Men,Soccer,Mercurial Superfly,M,1,6429.61,0.0,6429.61,2024-02-14,Online,Bangalore,2571.844
2994,Women,Lifestyle,Air Force 1,11,1,2932.39,0.98,58.647800000000046,2024-12-07,Retail,Mumbai,23.45912000000002
2996,Women,Basketball,Air Jordan,11,1,6110.030000000001,0.0,6110.030000000001,2025-07-01,Online,Pune,2444.012
2043,Women,Lifestyle,Waffle One,L,1,6110.030000000001,0.0,6110.030000000001,2024-10-13,Retail,Mumbai,2444.012
3001,Men,Soccer,Premier III,L,1,6110.030000000001,0.0,6110.030000000001,2024-01-25,Online,Delhi,2444.012
3002,Women,Lifestyle,Waffle One,UNKNOWN,4,6110.030000000001,0.0,24440.120000000003,2024-11-22,Retail,Delhi,9776.048
3003,Men,Basketball,Zoom Freak,XL,2,6110.030000000001,0.0,12220.060000000001,2023-08-03,Online,Bangalore,4888.024
3005,Women,Basketball,Zoom Freak,9,1,6110.030000000001,0.19,4949.1243,2025-04-23,Online,Delhi,1979.6497200000003
3010,Women,Soccer,Tiempo Legend,UNKNOWN,1,6110.030000000001,0.0,6110.030000000001,2025-05-05,Online,Pune,2444.012
3018,Kids,Soccer,Premier III,11,1,6110.030000000001,0.0,6110.030000000001,2024-08-22,Retail,Kolkata,2444.012
3019,Women,Running,Free RN,XL,1,9942.61,0.0,9942.61,2023-12-19,Retail,Kolkata,3977.0440000000003
3021,Women,Soccer,Mercurial Superfly,6,4,6110.030000000001,0.42,14175.269600000003,2023-09-21,Retail,Hyderabad,5670.1078400000015
3023,Kids,Basketball,Zoom Freak,UNKNOWN,1,2493.28,0.0,2493.28,2024-05-19,Retail,Delhi,997.3120000000001
3030,Men,Soccer,Mercurial Superfly,UNKNOWN,3,6969.28,0.58,8781.292800000001,2023-08-08,Online,Kolkata,3512.5171200000004
3031,Kids,Soccer,Premier III,M,4,8588.14,0.0,34352.56,2023-10-11,Online,Kolkata,13741.024
3033,Men,Training,ZoomX Invincible,M,1,9397.68,0.74,2443.3968,2024-11-21,Retail,Hyderabad,977.3587200000001
2033,Kids,Lifestyle,Waffle One,M,1,6110.030000000001,0.0,6110.030000000001,2025-01-22,Online,Kolkata,2444.012
3038,Kids,Lifestyle,Air Force 1,M,0,4195.03,0.0,0.0,2025-01-27,Retail,Delhi,0.0
3039,Kids,Soccer,Premier III,10,1,5366.19,0.0,5366.19,2024-03-17,Online,Pune,2146.476
3040,Women,Lifestyle,Waffle One,XL,1,6110.030000000001,0.0,6110.030000000001,2024-08-12,Online,Hyderabad,2444.012
3048,Women,Lifestyle,Waffle One,6,1,6110.030000000001,0.23,4704.7231,2025-07-17,Retail,Hyderabad,1881.8892400000002
3049,Kids,Lifestyle,Air Force 1,11,1,6110.030000000001,1.0,0.0,2025-06-22,Online,Pune,0.0
3051,Men,Training,Metcon 7,M,1,6110.030000000001,0.0,6110.030000000001,2024-07-28,Online,Bangalore,2444.012
3053,Women,Lifestyle,Air Force 1,L,1,6323.09,1.0,0.0,2024-09-18,Retail,Mumbai,0.0
3057,Women,Soccer,Mercurial Superfly,UNKNOWN,1,4244.95,0.0,4244.95,2025-01-21,Retail,Bangalore,1697.98
3058,Men,Soccer,Phantom GT,M,1,8048.66,0.0,8048.66,2023-08-01,Retail,Kolkata,3219.464
3064,Men,Soccer,Tiempo Legend,UNKNOWN,1,6041.3,0.0,6041.3,2024-01-11,Retail,Pune,2416.52
3066,Kids,Training,ZoomX Invincible,L,1,6110.030000000001,0.0,6110.030000000001,2024-03-01,Online,Mumbai,2444.012
3067,Men,Lifestyle,Blazer Mid,9,4,6110.030000000001,0.0,24440.120000000003,2024-03-05,Retail,Hyderabad,9776.048
3071,Women,Running,Air Zoom,UNKNOWN,1,5081.53,0.0,5081.53,2023-10-21,Online,Mumbai,2032.612
3075,Kids,Soccer,Premier III,L,1,6110.030000000001,0.91,549.9026999999999,2025-05-28,Retail,Mumbai,219.96107999999995
3079,Women,Running,React Infinity,L,1,6110.030000000001,0.0,6110.030000000001,2024-01-10,Retail,Bangalore,2444.012
3090,Women,Basketball,LeBron 20,UNKNOWN,1,8187.65,1.0,0.0,2023-12-11,Retail,Pune,0.0
3094,Men,Basketball,Zoom Freak,UNKNOWN,1,4731.54,0.0,4731.54,2024-07-11,Online,Delhi,1892.616
3106,Men,Running,Pegasus Turbo,UNKNOWN,1,6110.030000000001,0.0,6110.030000000001,2025-03-09,Online,Bangalore,2444.012
3114,Women,Running,React Infinity,L,1,7627.37,0.0,7627.37,2025-03-27,Retail,Bangalore,3050.9480000000003
3119,Kids,Lifestyle,Air Force 1,UNKNOWN,1,6110.030000000001,0.0,6110.030000000001,2023-08-12,Online,Hyderabad,2444.012
3121,Kids,Training,Flex Trainer,8,1,2514.0,0.69,779.3400000000001,2025-03-06,Online,Kolkata,311.7360000000001
3123,Kids,Running,Free RN,L,1,9804.78,0.0,9804.78,2025-05-26,Online,Pune,3921.9120000000003
3124,Kids,Soccer,Mercurial Superfly,UNKNOWN,1,7538.96,0.0,7538.96,2025-03-31,Online,Delhi,3015.5840000000003
3126,Kids,Running,React Infinity,UNKNOWN,1,6110.030000000001,0.0,6110.030000000001,2024-06-10,Online,Bangalore,2444.012
3127,Men,Training,ZoomX Invincible,XL,1,4614.33,0.47,2445.5949,2024-10-07,Online,Pune,978.23796
3129,Kids,Basketball,Kyrie Flytrap,XL,1,5732.66,0.0,5732.66,2024-01-30,Retail,Delhi,2293.064
3130,Men,Basketball,Air Jordan,XL,1,3015.02,0.0,3015.02,2025-05-16,Online,Pune,1206.008
3133,Kids,Soccer,Mercurial Superfly,L,1,6110.030000000001,0.77,1405.3069,2024-04-15,Retail,Delhi,562.1227600000001
3137,Kids,Soccer,Premier III,UNKNOWN,1,7176.21,0.0,7176.21,2025-07-08,Online,Bangalore,2870.4840000000004
3140,Women,Lifestyle,Blazer Mid,L,1,6110.030000000001,1.0,0.0,2023-11-19,Retail,Bangalore,0.0
3144,Women,Running,Free RN,7,1,8613.08,0.0,8613.08,2023-09-11,Retail,Hyderabad,3445.232
3146,Women,Soccer,Premier III,XL,1,6110.030000000001,0.0,6110.030000000001,2024-12-29,Retail,Hyderabad,2444.012
3150,Women,Lifestyle,Dunk Low,UNKNOWN,0,6110.030000000001,0.0,0.0,2024-10-04,Online,Kolkata,0.0
3160,Women,Basketball,Air Jordan,M,1,6110.030000000001,0.0,6110.030000000001,2024-07-25,Retail,Delhi,2444.012
3162,Men,Soccer,Tiempo Legend,XL,2,6110.030000000001,0.0,12220.060000000001,2024-02-24,Online,Pune,4888.024
3163,Women,Running,Free RN,UNKNOWN,2,8204.14,0.0,16408.28,2025-06-22,Retail,Delhi,6563.312
3171,Men,Lifestyle,Air Force 1,UNKNOWN,1,6110.030000000001,0.0,6110.030000000001,2023-11-16,Online,Bangalore,2444.012
3172,Men,Training,Metcon 7,9,1,6110.030000000001,0.39,3727.1183000000005,2023-11-14,Retail,Pune,1490.8473200000003
3186,Men,Basketball,Zoom Freak,UNKNOWN,1,3156.31,0.0,3156.31,2024-10-16,Retail,Delhi,1262.5240000000001
3192,Kids,Running,Free RN,M,1,6110.030000000001,0.0,6110.030000000001,2025-03-16,Online,Pune,2444.012
3193,Kids,Running,Pegasus Turbo,11,1,8581.98,0.0,8581.98,2025-02-24,Retail,Pune,3432.792
3194,Kids,Training,SuperRep Go,M,1,6110.030000000001,0.0,6110.030000000001,2023-10-21,Online,Hyderabad,2444.012
3204,Men,Soccer,Phantom GT,UNKNOWN,1,6110.030000000001,0.18,5010.2246000000005,2024-12-09,Online,Kolkata,2004.0898400000003
2002,Women,Lifestyle,Dunk Low,7,1,6110.030000000001,0.24,4643.6228,2024-12-11,Online,Delhi,1857.4491200000002
3206,Kids,Basketball,Kyrie Flytrap,L,1,4694.72,0.58,1971.7824000000003,2024-03-25,Retail,Bangalore,788.7129600000002
3209,Women,Training,Flex Trainer,M,1,6110.030000000001,0.17,5071.3249000000005,2024-08-20,Retail,Bangalore,2028.5299600000003
3212,Kids,Soccer,Mercurial Superfly,M,4,7670.57,0.0,30682.28,2024-10-05,Retail,Kolkata,12272.912
3213,Men,Running,Air Zoom,XL,1,6110.030000000001,0.0,6110.030000000001,2024-12-28,Online,Kolkata,2444.012
3215,Men,Soccer,Phantom GT,XL,1,6110.030000000001,0.0,6110.030000000001,2024-02-20,Online,Kolkata,2444.012
3216,Men,Basketball,Air Jordan,XL,1,6110.030000000001,0.0,6110.030000000001,2023-08-14,Online,Mumbai,2444.012
3222,Kids,Basketball,Air Jordan,XL,1,5300.32,0.0,5300.32,2024-10-08,Online,Bangalore,2120.128
3225,Kids,Basketball,Kyrie Flytrap,L,1,7364.6,0.0,7364.6,2023-12-20,Retail,Kolkata,2945.84
3232,Kids,Lifestyle,Air Force 1,UNKNOWN,0,6110.030000000001,0.0,0.0,2023-11-11,Online,Pune,0.0
3237,Kids,Basketball,LeBron 20,L,3,5596.52,0.0,16789.56,2024-08-16,Retail,Mumbai,6715.8240000000005
3240,Kids,Basketball,Zoom Freak,9,1,8776.59,0.0,8776.59,2024-05-27,Retail,Hyderabad,3510.6360000000004
3245,Women,Running,React Infinity,L,3,6110.030000000001,0.0,18330.090000000004,2024-05-19,Retail,Pune,7332.036000000002
3248,Women,Lifestyle,Blazer Mid,12,0,8234.91,0.0,0.0,2024-11-24,Online,Mumbai,0.0
3252,Men,Basketball,Zoom Freak,10,1,6110.030000000001,0.0,6110.030000000001,2024-03-26,Online,Mumbai,2444.012
3257,Women,Running,Free RN,7,1,7056.01,0.0,7056.01,2025-01-19,Retail,Kolkata,2822.4040000000005
3260,Men,Soccer,Mercurial Superfly,7,1,6110.030000000001,0.0,6110.030000000001,2025-06-28,Online,Mumbai,2444.012
3262,Women,Basketball,LeBron 20,6,1,6110.030000000001,0.0,6110.030000000001,2024-12-26,Retail,Bangalore,2444.012
3268,Men,Soccer,Mercurial Superfly,L,1,6110.030000000001,0.0,6110.030000000001,2025-07-11,Retail,Mumbai,2444.012
3269,Women,Soccer,Mercurial Superfly,M,1,7268.31,0.0,7268.31,2024-12-03,Online,Mumbai,2907.3240000000005
3270,Kids,Lifestyle,Dunk Low,XL,1,6110.030000000001,0.0,6110.030000000001,2025-06-03,Online,Pune,2444.012
3273,Women,Soccer,Phantom GT,M,1,5527.7,0.17,4587.991,2024-02-04,Online,Bangalore,1835.1964
3280,Kids,Training,SuperRep Go,XL,1,7709.7,0.0,7709.7,2024-10-12,Online,Mumbai,3083.88
3282,Kids,Basketball,Air Jordan,XL,4,6110.030000000001,0.23,18818.8924,2024-05-19,Retail,Delhi,7527.556960000001
3284,Women,Running,Free RN,UNKNOWN,4,5776.74,0.0,23106.96,2024-08-20,Online,Kolkata,9242.784
3292,Women,Training,Metcon 7,M,1,6110.030000000001,0.0,6110.030000000001,2025-05-23,Online,Hyderabad,2444.012
3303,Kids,Soccer,Tiempo Legend,9,2,6380.5,0.0,12761.0,2024-10-19,Online,Kolkata,5104.400000000001
3305,Kids,Running,Free RN,UNKNOWN,1,4216.14,0.0,4216.14,2024-10-17,Retail,Hyderabad,1686.4560000000001
3309,Men,Lifestyle,Air Force 1,UNKNOWN,1,5594.08,0.0,5594.08,2023-09-12,Retail,Hyderabad,2237.632
3310,Women,Running,Free RN,M,4,6110.030000000001,0.21,19307.6948,2025-04-18,Retail,Kolkata,7723.077920000001
3316,Women,Running,React Infinity,L,1,6110.030000000001,1.0,0.0,2024-04-25,Online,Bangalore,0.0
3322,Men,Training,Metcon 7,M,1,6110.030000000001,0.0,6110.030000000001,2023-08-28,Online,Hyderabad,2444.012
3323,Men,Running,Air Zoom,UNKNOWN,1,8130.74,0.07,7561.588199999999,2024-01-01,Retail,Delhi,3024.63528
3329,Kids,Training,ZoomX Invincible,M,1,6110.030000000001,0.0,6110.030000000001,2024-04-28,Retail,Kolkata,2444.012
3334,Kids,Soccer,Tiempo Legend,L,3,2471.71,0.0,7415.13,2023-11-14,Online,Mumbai,2966.052
3335,Men,Soccer,Premier III,UNKNOWN,1,3138.53,0.0,3138.53,2024-08-17,Retail,Delhi,1255.4120000000003
3337,Men,Training,ZoomX Invincible,L,4,6110.030000000001,0.0,24440.120000000003,2024-10-10,Online,Delhi,9776.048
3341,Kids,Training,Metcon 7,8,3,8387.99,0.0,25163.97,2024-03-23,Online,Bangalore,10065.588000000002
2037,Women,Lifestyle,Dunk Low,12,4,6110.030000000001,1.0,0.0,2025-04-11,Online,Delhi,0.0
3358,Men,Basketball,Kyrie Flytrap,M,1,6110.030000000001,0.43,3482.7171000000008,2024-08-01,Online,Hyderabad,1393.0868400000004
3360,Women,Training,Metcon 7,M,4,6110.030000000001,0.06,22973.7128,2024-07-31,Online,Bangalore,9189.485120000001
3362,Men,Lifestyle,Air Force 1,L,1,6110.030000000001,0.0,6110.030000000001,2024-03-10,Retail,Delhi,2444.012
3369,Men,Running,React Infinity,L,1,5103.34,0.05,4848.173,2024-09-27,Online,Kolkata,1939.2692
3379,Men,Basketball,Air Jordan,UNKNOWN,2,5000.49,0.86,1400.1372000000001,2024-10-23,Retail,Pune,560.05488
3381,Men,Training,ZoomX Invincible,UNKNOWN,1,6110.030000000001,0.0,6110.030000000001,2024-02-23,Retail,Mumbai,2444.012
3385,Men,Training,ZoomX Invincible,UNKNOWN,1,9019.91,0.0,9019.91,2025-03-21,Online,Hyderabad,3607.964
3387,Men,Soccer,Phantom GT,10,4,6110.030000000001,1.0,0.0,2025-06-21,Retail,Bangalore,0.0
3389,Women,Running,Air Zoom,M,3,9764.91,0.0,29294.73,2025-04-04,Online,Mumbai,11717.892
3391,Women,Soccer,Mercurial Superfly,M,2,6110.030000000001,0.0,12220.060000000001,2023-11-14,Retail,Hyderabad,4888.024
3398,Men,Basketball,LeBron 20,XL,2,2082.49,0.0,4164.98,2023-08-27,Retail,Kolkata,1665.992
3405,Women,Lifestyle,Dunk Low,M,0,9986.17,1.0,0.0,2025-01-04,Online,Kolkata,0.0
3413,Kids,Soccer,Phantom GT,XL,2,6110.030000000001,0.0,12220.060000000001,2023-07-31,Online,Hyderabad,4888.024
3415,Kids,Basketball,Air Jordan,L,1,6165.08,0.0,6165.08,2024-03-06,Online,Hyderabad,2466.032
3422,Kids,Training,Metcon 7,XL,1,3197.01,0.0,3197.01,2024-01-18,Retail,Hyderabad,1278.804
3436,Kids,Soccer,Mercurial Superfly,L,1,6110.030000000001,0.0,6110.030000000001,2025-06-11,Retail,Bangalore,2444.012
3437,Kids,Soccer,Tiempo Legend,M,1,6110.030000000001,0.0,6110.030000000001,2024-05-10,Retail,Mumbai,2444.012
3442,Kids,Basketball,Zoom Freak,XL,4,6110.030000000001,0.0,24440.120000000003,2025-01-21,Online,Mumbai,9776.048
3450,Men,Running,React Infinity,M,3,6110.030000000001,0.0,18330.090000000004,2024-01-16,Retail,Bangalore,7332.036000000002
3465,Men,Lifestyle,Dunk Low,UNKNOWN,2,6110.030000000001,0.0,12220.060000000001,2023-11-29,Online,Delhi,4888.024
3478,Kids,Training,Flex Trainer,9,1,6110.030000000001,0.0,6110.030000000001,2025-05-17,Retail,Mumbai,2444.012
3481,Women,Lifestyle,Air Force 1,XL,4,6110.030000000001,0.0,24440.120000000003,2023-10-15,Online,Bangalore,9776.048
3483,Men,Lifestyle,Air Force 1,L,4,4733.92,0.0,18935.68,2024-12-04,Online,Kolkata,7574.272000000001
3485,Women,Lifestyle,Dunk Low,UNKNOWN,2,6110.030000000001,0.0,12220.060000000001,2024-12-14,Retail,Hyderabad,4888.024
3490,Men,Running,Free RN,L,0,6110.030000000001,0.98,0.0,2025-07-08,Online,Delhi,0.0
3494,Kids,Running,Pegasus Turbo,UNKNOWN,1,6110.030000000001,0.87,794.3039000000001,2024-09-17,Retail,Pune,317.72156000000007
3495,Women,Basketball,LeBron 20,M,1,6110.030000000001,0.0,6110.030000000001,2024-08-13,Retail,Pune,2444.012
3502,Men,Lifestyle,Blazer Mid,L,1,6418.29,0.89,706.0118999999999,2023-11-09,Online,Delhi,282.40475999999995
3511,Kids,Lifestyle,Blazer Mid,XL,1,3248.17,0.06,3053.2798,2025-02-15,Retail,Hyderabad,1221.3119199999999
3513,Women,Training,SuperRep Go,UNKNOWN,0,6145.98,0.0,0.0,2025-04-16,Retail,Hyderabad,0.0
3519,Kids,Soccer,Premier III,UNKNOWN,1,6110.030000000001,0.0,6110.030000000001,2025-05-25,Retail,Kolkata,2444.012
3520,Women,Lifestyle,Waffle One,XL,2,2080.85,1.0,0.0,2024-03-22,Retail,Delhi,0.0
3523,Kids,Training,SuperRep Go,6,1,7061.5,1.0,0.0,2024-06-09,Retail,Kolkata,0.0
3530,Women,Soccer,Mercurial Superfly,UNKNOWN,0,3034.73,0.0,0.0,2023-09-25,Retail,Kolkata,0.0
3532,Kids,Running,React Infinity,XL,1,9244.96,0.47,4899.8288,2024-05-07,Online,Mumbai,1959.93152
3533,Kids,Running,Air Zoom,L,1,6110.030000000001,0.0,6110.030000000001,2023-11-05,Retail,Hyderabad,2444.012
3538,Kids,Basketball,Kyrie Flytrap,L,0,6110.030000000001,0.0,0.0,2024-12-12,Online,Bangalore,0.0
3545,Men,Training,Flex Trainer,12,3,6110.030000000001,0.0,18330.090000000004,2023-08-03,Online,Delhi,7332.036000000002
3548,Kids,Soccer,Phantom GT,UNKNOWN,3,6110.030000000001,0.0,18330.090000000004,2024-03-12,Online,Kolkata,7332.036000000002
3551,Women,Training,SuperRep Go,10,1,9948.15,1.0,0.0,2023-08-02,Retail,Kolkata,0.0
3553,Women,Running,Air Zoom,XL,2,5216.27,0.0,10432.54,2025-06-25,Online,Pune,4173.0160000000005
3555,Kids,Soccer,Phantom GT,9,2,6110.030000000001,0.0,12220.060000000001,2025-04-26,Retail,Hyderabad,4888.024
3556,Women,Basketball,Kyrie Flytrap,M,4,6110.030000000001,0.0,24440.120000000003,2025-03-13,Retail,Kolkata,9776.048
3560,Women,Soccer,Phantom GT,UNKNOWN,1,6110.030000000001,0.13,5315.726100000001,2023-07-26,Retail,Hyderabad,2126.29044
3562,Women,Basketball,LeBron 20,UNKNOWN,1,6110.030000000001,0.0,6110.030000000001,2024-10-31,Retail,Delhi,2444.012
3565,Kids,Basketball,Kyrie Flytrap,XL,1,6110.030000000001,0.55,2749.5135,2024-08-27,Online,Kolkata,1099.8054
3569,Women,Soccer,Phantom GT,12,1,9203.0,0.0,9203.0,2024-08-12,Online,Kolkata,3681.2000000000003
3573,Men,Basketball,Air Jordan,UNKNOWN,1,6830.98,0.39,4166.8978,2025-03-18,Retail,Mumbai,1666.75912
3574,Kids,Basketball,Air Jordan,XL,0,6110.030000000001,0.96,0.0,2025-01-13,Online,Bangalore,0.0
3576,Women,Lifestyle,Waffle One,M,2,3533.18,0.0,7066.36,2024-03-17,Retail,Bangalore,2826.544
3579,Men,Basketball,LeBron 20,XL,0,9995.55,0.0,0.0,2025-02-03,Retail,Delhi,0.0
3582,Kids,Soccer,Mercurial Superfly,M,1,2117.04,0.0,2117.04,2024-09-01,Online,Pune,846.816
3587,Men,Training,SuperRep Go,6,1,6110.030000000001,0.0,6110.030000000001,2025-07-01,Online,Bangalore,2444.012
3595,Kids,Running,Air Zoom,L,1,6890.68,0.0,6890.68,2023-09-05,Online,Pune,2756.2720000000004
3613,Men,Lifestyle,Blazer Mid,XL,4,6110.030000000001,0.0,24440.120000000003,2024-08-16,Online,Hyderabad,9776.048
3614,Men,Training,ZoomX Invincible,L,1,6186.3,0.22,4825.314,2024-09-17,Online,Pune,1930.1256000000003
3619,Kids,Lifestyle,Air Force 1,L,0,8915.88,0.0,0.0,2025-02-07,Online,Kolkata,0.0
3623,Men,Lifestyle,Waffle One,XL,1,6110.030000000001,0.75,1527.5075000000002,2025-06-24,Retail,Mumbai,611.003
3636,Women,Soccer,Tiempo Legend,M,2,7881.53,0.0,15763.06,2023-12-19,Retail,Delhi,6305.224
3637,Women,Running,Pegasus Turbo,6,2,6577.39,0.0,13154.78,2025-05-29,Retail,Delhi,5261.912
3644,Kids,Running,React Infinity,UNKNOWN,1,5702.53,0.0,5702.53,2023-10-31,Online,Delhi,2281.012
3650,Women,Soccer,Premier III,M,1,6110.030000000001,0.0,6110.030000000001,2024-01-07,Retail,Delhi,2444.012
3651,Men,Training,SuperRep Go,M,1,8891.63,1.0,0.0,2024-12-17,Retail,Delhi,0.0
3652,Kids,Basketball,Air Jordan,XL,0,3176.7,0.0,0.0,2023-11-21,Online,Hyderabad,0.0
2033,Women,Running,React Infinity,M,1,6110.030000000001,0.8,1222.0059999999999,2024-07-23,Retail,Delhi,488.8024
3661,Kids,Training,ZoomX Invincible,XL,0,9979.38,0.0,0.0,2024-12-05,Online,Delhi,0.0
3665,Women,Lifestyle,Blazer Mid,UNKNOWN,1,2958.1,0.0,2958.1,2024-07-06,Retail,Hyderabad,1183.24
3666,Women,Running,Air Zoom,UNKNOWN,2,6110.030000000001,1.0,0.0,2025-04-07,Retail,Delhi,0.0
3669,Women,Lifestyle,Blazer Mid,L,1,2287.32,0.0,2287.32,2023-08-27,Online,Kolkata,914.9280000000001
3680,Men,Training,Flex Trainer,XL,3,8835.41,0.92,2120.498399999999,2025-01-27,Retail,Delhi,848.1993599999996
3683,Women,Soccer,Premier III,L,2,6110.030000000001,0.0,12220.060000000001,2024-05-15,Retail,Kolkata,4888.024
3696,Kids,Training,ZoomX Invincible,M,1,6425.04,0.0,6425.04,2024-11-09,Retail,Kolkata,2570.016
3702,Men,Running,React Infinity,M,1,6110.030000000001,0.99,61.10030000000006,2025-05-20,Online,Pune,24.440120000000025
3705,Kids,Training,Metcon 7,6,1,5644.1,0.09,5136.131,2024-09-11,Online,Hyderabad,2054.4524
3711,Kids,Basketball,Zoom Freak,UNKNOWN,2,6110.030000000001,0.53,5743.4282,2023-12-28,Online,Delhi,2297.3712800000003
3716,Women,Soccer,Phantom GT,UNKNOWN,1,7916.1,0.9,791.6099999999999,2023-08-23,Online,Pune,316.644
3720,Men,Lifestyle,Blazer Mid,XL,1,7365.14,0.0,7365.14,2025-01-24,Retail,Delhi,2946.0560000000005
3722,Kids,Training,ZoomX Invincible,7,1,9335.0,0.22,7281.3,2023-11-21,Retail,Mumbai,2912.5200000000004
2016,Women,Training,Metcon 7,UNKNOWN,2,6110.030000000001,0.0,12220.060000000001,2024-03-15,Retail,Delhi,4888.024
3740,Men,Basketball,Zoom Freak,UNKNOWN,0,6110.030000000001,0.0,0.0,2023-09-21,Retail,Pune,0.0
3742,Women,Soccer,Tiempo Legend,UNKNOWN,1,6110.030000000001,0.78,1344.2066,2024-06-20,Retail,Mumbai,537.68264
3745,Men,Lifestyle,Waffle One,UNKNOWN,1,6110.030000000001,0.0,6110.030000000001,2025-03-09,Online,Kolkata,2444.012
3757,Men,Training,Metcon 7,UNKNOWN,1,6110.030000000001,0.0,6110.030000000001,2024-06-12,Retail,Hyderabad,2444.012
3758,Kids,Running,Pegasus Turbo,M,3,4306.67,0.0,12920.01,2025-05-10,Retail,Delhi,5168.004000000001
3764,Men,Lifestyle,Blazer Mid,10,2,3953.6,0.0,7907.2,2024-02-22,Online,Kolkata,3162.88
3770,Women,Running,Free RN,M,4,6110.030000000001,0.36,15641.676800000001,2024-02-03,Retail,Mumbai,6256.670720000001
3775,Women,Running,Pegasus Turbo,UNKNOWN,0,6110.030000000001,0.12,0.0,2024-07-02,Online,Delhi,0.0
3776,Men,Soccer,Tiempo Legend,L,1,6110.030000000001,1.0,0.0,2024-11-12,Online,Kolkata,0.0
3778,Kids,Lifestyle,Waffle One,11,1,7248.3,0.0,7248.3,2025-05-06,Online,Kolkata,2899.32
3779,Women,Soccer,Tiempo Legend,M,1,6110.030000000001,1.0,0.0,2024-12-17,Online,Kolkata,0.0
3781,Kids,Running,Pegasus Turbo,L,1,6110.030000000001,0.36,3910.4192000000003,2024-02-21,Retail,Mumbai,1564.1676800000002
3784,Kids,Training,SuperRep Go,10,0,6110.030000000001,0.0,0.0,2025-07-07,Retail,Pune,0.0
3787,Kids,Soccer,Mercurial Superfly,UNKNOWN,1,5782.29,0.0,5782.29,2024-01-25,Retail,Bangalore,2312.916
3798,Women,Training,SuperRep Go,L,1,3503.14,0.0,3503.14,2025-05-24,Retail,Pune,1401.256
3803,Men,Basketball,Zoom Freak,UNKNOWN,3,6110.030000000001,1.0,0.0,2025-04-26,Online,Mumbai,0.0
3805,Women,Lifestyle,Dunk Low,M,0,6110.030000000001,0.75,0.0,2024-08-11,Retail,Bangalore,0.0
3806,Women,Running,Free RN,M,1,6110.030000000001,0.28,4399.221600000001,2024-01-03,Retail,Bangalore,1759.6886400000003
3809,Women,Running,Air Zoom,11,1,6110.030000000001,0.0,6110.030000000001,2024-02-13,Retail,Kolkata,2444.012
3811,Women,Running,React Infinity,XL,0,5706.6,0.0,0.0,2024-09-28,Online,Bangalore,0.0
3814,Kids,Lifestyle,Dunk Low,M,1,9668.47,0.0,9668.47,2024-12-25,Retail,Kolkata,3867.388
3828,Men,Basketball,Air Jordan,XL,1,3208.18,0.0,3208.18,2024-12-20,Retail,Hyderabad,1283.272
3830,Kids,Soccer,Phantom GT,L,2,3664.1,0.0,7328.2,2024-09-04,Retail,Hyderabad,2931.28
3832,Men,Basketball,Kyrie Flytrap,L,1,3928.02,0.0,3928.02,2025-05-28,Retail,Kolkata,1571.208
3833,Men,Soccer,Phantom GT,UNKNOWN,1,5312.88,0.0,5312.88,2025-02-26,Retail,Kolkata,2125.152
3850,Women,Training,SuperRep Go,UNKNOWN,1,6110.030000000001,0.0,6110.030000000001,2025-06-16,Retail,Delhi,2444.012
3857,Women,Soccer,Mercurial Superfly,UNKNOWN,1,8490.02,0.96,339.60080000000033,2024-09-04,Online,Kolkata,135.84032000000013
3862,Kids,Lifestyle,Dunk Low,L,1,6110.030000000001,0.61,2382.9117,2023-11-17,Online,Delhi,953.1646800000001
3868,Women,Running,Free RN,11,0,3554.76,0.51,0.0,2025-04-27,Online,Bangalore,0.0
3886,Kids,Basketball,Kyrie Flytrap,8,1,4967.69,0.0,4967.69,2025-01-16,Retail,Delhi,1987.076
3888,Kids,Training,ZoomX Invincible,UNKNOWN,1,3737.67,0.0,3737.67,2024-12-30,Online,Mumbai,1495.0680000000002
3890,Women,Training,ZoomX Invincible,XL,1,4392.78,0.0,4392.78,2025-01-10,Online,Delhi,1757.112
3891,Men,Training,ZoomX Invincible,L,0,9453.17,0.0,0.0,2025-02-13,Retail,Bangalore,0.0
3893,Men,Basketball,Air Jordan,UNKNOWN,1,6110.030000000001,1.0,0.0,2025-07-13,Retail,Delhi,0.0
3894,Women,Soccer,Premier III,11,1,5255.98,1.0,0.0,2024-06-08,Online,Pune,0.0
3904,Kids,Soccer,Phantom GT,L,2,7775.87,0.0,15551.74,2025-05-28,Retail,Bangalore,6220.696
3913,Kids,Training,ZoomX Invincible,XL,1,5255.09,0.0,5255.09,2024-06-12,Retail,Delhi,2102.036
3917,Women,Running,React Infinity,L,0,4726.33,0.0,0.0,2024-10-02,Online,Pune,0.0
3920,Women,Running,Air Zoom,L,1,5540.68,0.0,5540.68,2025-06-09,Online,Pune,2216.2720000000004
3924,Women,Running,Pegasus Turbo,L,1,4809.5,0.0,4809.5,2024-03-26,Online,Kolkata,1923.8000000000002
3926,Men,Lifestyle,Dunk Low,XL,2,4791.86,0.0,9583.72,2024-11-08,Online,Mumbai,3833.488
3933,Men,Training,SuperRep Go,XL,4,6110.030000000001,0.0,24440.120000000003,2025-01-25,Online,Pune,9776.048
3936,Kids,Lifestyle,Blazer Mid,M,3,3544.33,0.0,10632.99,2023-07-28,Retail,Pune,4253.196
3940,Kids,Running,React Infinity,11,1,6110.030000000001,0.0,6110.030000000001,2024-12-30,Online,Hyderabad,2444.012
3942,Men,Lifestyle,Blazer Mid,M,1,3283.25,0.0,3283.25,2024-04-27,Online,Delhi,1313.3000000000002
2002,Kids,Soccer,Phantom GT,XL,1,6110.030000000001,0.0,6110.030000000001,2025-05-16,Online,Delhi,2444.012
3946,Men,Training,SuperRep Go,UNKNOWN,1,6110.030000000001,0.0,6110.030000000001,2024-08-23,Retail,Kolkata,2444.012
2003,Women,Lifestyle,Waffle One,UNKNOWN,1,7203.25,0.0,7203.25,2025-03-03,Online,Kolkata,2881.3
3958,Women,Lifestyle,Dunk Low,UNKNOWN,4,8614.93,0.0,34459.72,2024-03-23,Retail,Kolkata,13783.888
2041,Kids,Soccer,Tiempo Legend,M,1,4414.63,0.0,4414.63,2025-02-27,Online,Bangalore,1765.852
3969,Women,Lifestyle,Waffle One,XL,1,7922.86,0.0,7922.86,2023-08-04,Retail,Mumbai,3169.1440000000002
3970,Men,Soccer,Phantom GT,L,0,9990.8,0.0,0.0,2025-06-29,Retail,Kolkata,0.0
3974,Men,Lifestyle,Dunk Low,L,4,6110.030000000001,0.0,24440.120000000003,2024-03-22,Retail,Delhi,9776.048
3978,Women,Training,Flex Trainer,UNKNOWN,2,9847.52,0.0,19695.04,2024-09-11,Retail,Delhi,7878.0160000000005
3981,Men,Soccer,Premier III,L,1,4007.55,1.0,0.0,2023-12-21,Online,Delhi,0.0
2048,Kids,Basketball,Air Jordan,XL,2,8918.66,1.0,0.0,2024-02-14,Retail,Delhi,0.0
3994,Kids,Basketball,Air Jordan,UNKNOWN,4,6110.030000000001,0.0,24440.120000000003,2025-04-12,Retail,Bangalore,9776.048
3997,Women,Lifestyle,Waffle One,M,4,6110.030000000001,0.0,24440.120000000003,2024-01-24,Retail,Hyderabad,9776.048
4005,Kids,Training,Metcon 7,M,1,3730.58,0.0,3730.58,2024-11-30,Online,Delhi,1492.232
4008,Men,Basketball,LeBron 20,9,3,7737.27,0.07,21586.9833,2023-12-15,Retail,Hyderabad,8634.79332
4009,Kids,Basketball,Zoom Freak,M,1,6110.030000000001,0.0,6110.030000000001,2024-03-30,Retail,Mumbai,2444.012
4011,Women,Running,Air Zoom,M,4,4909.56,0.0,19638.24,2025-07-04,Retail,Bangalore,7855.296000000001
2021,Kids,Lifestyle,Waffle One,XL,1,4561.67,0.0,4561.67,2024-02-13,Online,Pune,1824.6680000000001
4019,Women,Soccer,Tiempo Legend,10,1,6110.030000000001,0.66,2077.4102000000003,2024-10-27,Online,Bangalore,830.9640800000002
4023,Women,Running,Free RN,XL,0,2376.12,0.76,0.0,2024-11-28,Online,Hyderabad,0.0
4025,Women,Basketball,Kyrie Flytrap,L,1,2265.37,0.0,2265.37,2024-06-25,Retail,Kolkata,906.148
4030,Men,Lifestyle,Waffle One,L,1,6110.030000000001,0.0,6110.030000000001,2025-04-28,Online,Kolkata,2444.012
4037,Women,Basketball,LeBron 20,XL,1,6110.030000000001,0.74,1588.6078000000002,2023-08-08,Retail,Delhi,635.4431200000001
4054,Women,Lifestyle,Waffle One,UNKNOWN,1,3394.38,0.75,848.595,2024-05-09,Online,Mumbai,339.43800000000005
4057,Kids,Basketball,Kyrie Flytrap,M,1,6110.030000000001,0.0,6110.030000000001,2023-09-22,Retail,Delhi,2444.012
2030,Women,Soccer,Premier III,L,1,9804.64,0.71,2843.3456,2025-02-08,Online,Bangalore,1137.33824
4074,Kids,Basketball,LeBron 20,L,1,8673.78,0.0,8673.78,2024-03-28,Retail,Mumbai,3469.5120000000006
4080,Kids,Training,Flex Trainer,UNKNOWN,1,8515.92,0.0,8515.92,2024-11-27,Retail,Hyderabad,3406.3680000000004
4083,Men,Training,Flex Trainer,L,1,8711.81,0.0,8711.81,2025-03-29,Online,Bangalore,3484.724
4086,Women,Running,Air Zoom,XL,3,4537.02,0.0,13611.060000000001,2025-04-03,Online,Pune,5444.424000000001
4087,Men,Basketball,LeBron 20,UNKNOWN,1,6110.030000000001,1.0,0.0,2024-03-13,Retail,Hyderabad,0.0
4096,Women,Soccer,Phantom GT,8,1,6110.030000000001,0.0,6110.030000000001,2024-04-03,Online,Pune,2444.012
4100,Men,Running,Pegasus Turbo,L,1,3315.29,0.0,3315.29,2024-03-19,Online,Delhi,1326.116
4101,Men,Soccer,Mercurial Superfly,UNKNOWN,1,6110.030000000001,0.0,6110.030000000001,2024-07-10,Retail,Delhi,2444.012
4105,Men,Running,Pegasus Turbo,XL,1,3489.95,0.0,3489.95,2024-05-25,Retail,Bangalore,1395.98
4108,Kids,Running,Pegasus Turbo,L,2,2767.55,0.19,4483.4310000000005,2023-11-25,Online,Kolkata,1793.3724000000002
4116,Women,Lifestyle,Air Force 1,9,1,3854.22,0.0,3854.22,2024-08-19,Online,Pune,1541.688
4124,Kids,Basketball,LeBron 20,M,1,6110.030000000001,0.0,6110.030000000001,2023-10-16,Online,Delhi,2444.012
4127,Women,Running,Free RN,L,1,4690.15,0.49,2391.9764999999998,2024-12-21,Online,Kolkata,956.7905999999999
4129,Men,Running,Pegasus Turbo,UNKNOWN,1,3445.62,0.24,2618.6711999999998,2025-03-02,Retail,Kolkata,1047.46848
4140,Women,Running,Air Zoom,XL,1,6110.030000000001,0.0,6110.030000000001,2025-04-28,Online,Bangalore,2444.012
4146,Kids,Lifestyle,Blazer Mid,10,1,6110.030000000001,0.0,6110.030000000001,2023-08-27,Online,Mumbai,2444.012
4156,Men,Running,React Infinity,M,1,7417.67,0.0,7417.67,2024-05-20,Online,Mumbai,2967.068
4157,Men,Basketball,Zoom Freak,XL,3,6110.030000000001,0.0,18330.090000000004,2025-07-09,Retail,Delhi,7332.036000000002
4163,Men,Training,SuperRep Go,L,1,6110.030000000001,0.0,6110.030000000001,2024-09-12,Retail,Hyderabad,2444.012
4165,Women,Training,SuperRep Go,XL,1,6110.030000000001,0.26,4521.422200000001,2024-11-20,Online,Bangalore,1808.5688800000005
4168,Kids,Running,Free RN,10,4,6110.030000000001,0.0,24440.120000000003,2024-06-09,Retail,Mumbai,9776.048
4171,Men,Running,React Infinity,M,1,9303.8,0.0,9303.8,2024-12-21,Retail,Delhi,3721.52
4176,Women,Training,ZoomX Invincible,M,1,6110.030000000001,0.0,6110.030000000001,2023-09-02,Retail,Hyderabad,2444.012
4181,Women,Running,Free RN,M,3,6110.030000000001,0.0,18330.090000000004,2025-04-05,Retail,Delhi,7332.036000000002
4185,Women,Training,ZoomX Invincible,6,3,6110.030000000001,0.0,18330.090000000004,2025-02-01,Online,Hyderabad,7332.036000000002
4186,Men,Basketball,LeBron 20,XL,1,9872.08,0.17,8193.8264,2025-03-10,Online,Bangalore,3277.53056
2050,Kids,Soccer,Tiempo Legend,UNKNOWN,0,6110.030000000001,0.0,0.0,2023-09-30,Online,Pune,0.0
4191,Men,Running,React Infinity,M,1,6110.030000000001,0.0,6110.030000000001,2024-07-22,Online,Pune,2444.012
4195,Kids,Training,Metcon 7,L,1,6317.4,0.0,6317.4,2023-09-23,Retail,Mumbai,2526.96
4199,Women,Running,Free RN,UNKNOWN,1,6110.030000000001,0.0,6110.030000000001,2025-05-25,Online,Hyderabad,2444.012
4201,Kids,Running,React Infinity,L,3,6110.030000000001,0.0,18330.090000000004,2025-05-09,Retail,Kolkata,7332.036000000002
4204,Kids,Lifestyle,Waffle One,UNKNOWN,1,7265.47,0.0,7265.47,2025-04-16,Online,Pune,2906.188
4209,Women,Running,Air Zoom,M,1,6110.030000000001,0.0,6110.030000000001,2023-12-03,Online,Kolkata,2444.012
4212,Men,Running,React Infinity,XL,3,6110.030000000001,0.9,1833.009,2023-07-29,Online,Kolkata,733.2036
4213,Men,Lifestyle,Dunk Low,L,0,6110.030000000001,0.0,0.0,2024-05-26,Retail,Delhi,0.0
4217,Men,Soccer,Tiempo Legend,12,1,3080.23,0.22,2402.5794,2025-05-08,Online,Delhi,961.0317600000001
4223,Kids,Soccer,Mercurial Superfly,L,1,6110.030000000001,0.31,4215.920700000001,2025-02-04,Retail,Bangalore,1686.3682800000004
4227,Kids,Training,Metcon 7,L,1,6110.030000000001,0.0,6110.030000000001,2024-12-17,Retail,Mumbai,2444.012
4231,Kids,Lifestyle,Blazer Mid,XL,2,6652.23,1.0,0.0,2024-01-08,Online,Pune,0.0
4238,Men,Soccer,Phantom GT,XL,2,6489.35,0.0,12978.7,2024-12-14,Online,Hyderabad,5191.4800000000005
4239,Men,Running,Air Zoom,UNKNOWN,1,6110.030000000001,1.0,0.0,2023-09-08,Online,Kolkata,0.0
4241,Women,Basketball,LeBron 20,M,1,6110.030000000001,0.0,6110.030000000001,2024-10-29,Retail,Delhi,2444.012
4250,Women,Basketball,Air Jordan,11,1,6110.030000000001,0.0,6110.030000000001,2025-01-16,Online,Kolkata,2444.012
4251,Kids,Basketball,LeBron 20,M,1,6110.030000000001,0.59,2505.1123000000002,2024-01-07,Retail,Mumbai,1002.0449200000002
4252,Kids,Training,SuperRep Go,L,1,6110.030000000001,1.0,0.0,2024-06-08,Online,Hyderabad,0.0
4256,Women,Soccer,Tiempo Legend,XL,4,6110.030000000001,0.52,11731.2576,2024-12-18,Online,Hyderabad,4692.5030400000005
4258,Kids,Lifestyle,Dunk Low,L,1,4189.36,0.0,4189.36,2024-06-10,Retail,Pune,1675.744
4259,Men,Lifestyle,Air Force 1,L,1,6110.030000000001,0.35,3971.5195000000003,2023-09-22,Retail,Bangalore,1588.6078000000002
2044,Men,Training,Flex Trainer,XL,1,6110.030000000001,0.0,6110.030000000001,2023-08-13,Online,Bangalore,2444.012
4264,Kids,Lifestyle,Air Force 1,M,1,6012.55,0.0,6012.55,2024-01-11,Online,Delhi,2405.02
4265,Kids,Training,Flex Trainer,M,1,6110.030000000001,0.0,6110.030000000001,2024-02-08,Online,Kolkata,2444.012
4266,Men,Lifestyle,Waffle One,XL,3,6110.030000000001,0.0,18330.090000000004,2025-07-04,Online,Mumbai,7332.036000000002
4276,Men,Basketball,Kyrie Flytrap,11,3,6110.030000000001,0.0,18330.090000000004,2025-02-05,Retail,Bangalore,7332.036000000002
4279,Men,Training,ZoomX Invincible,XL,1,6110.030000000001,0.0,6110.030000000001,2025-04-30,Retail,Pune,2444.012
4283,Men,Training,ZoomX Invincible,M,1,9649.36,0.95,482.4680000000005,2025-02-26,Retail,Bangalore,192.9872000000002
4284,Men,Running,Air Zoom,UNKNOWN,1,2953.43,0.1,2658.087,2024-05-15,Retail,Delhi,1063.2348
4286,Kids,Soccer,Tiempo Legend,L,1,5385.78,0.0,5385.78,2025-06-08,Online,Kolkata,2154.312
4290,Kids,Lifestyle,Blazer Mid,UNKNOWN,1,6110.030000000001,0.0,6110.030000000001,2025-01-25,Retail,Kolkata,2444.012
4294,Women,Soccer,Premier III,UNKNOWN,1,5238.91,0.0,5238.91,2025-01-16,Online,Kolkata,2095.564
2026,Kids,Training,ZoomX Invincible,UNKNOWN,1,6110.030000000001,0.0,6110.030000000001,2024-01-05,Online,Kolkata,2444.012
4303,Men,Soccer,Phantom GT,L,1,7587.07,0.0,7587.07,2024-07-21,Online,Bangalore,3034.828
4304,Kids,Basketball,Kyrie Flytrap,L,1,4877.24,0.0,4877.24,2024-07-07,Retail,Hyderabad,1950.896
4311,Men,Training,SuperRep Go,L,3,6110.030000000001,0.46,9898.248600000003,2023-08-16,Retail,Bangalore,3959.299440000001
4315,Women,Lifestyle,Dunk Low,M,4,4080.51,0.0,16322.04,2024-03-04,Retail,Pune,6528.816000000001
4316,Men,Running,React Infinity,XL,1,6110.030000000001,0.0,6110.030000000001,2024-01-04,Retail,Hyderabad,2444.012
4317,Kids,Lifestyle,Blazer Mid,L,1,9623.53,0.0,9623.53,2024-10-15,Retail,Bangalore,3849.4120000000003
2027,Men,Training,SuperRep Go,L,0,6110.030000000001,0.08,0.0,2024-11-14,Retail,Kolkata,0.0
4320,Women,Training,SuperRep Go,11,1,6110.030000000001,0.0,6110.030000000001,2024-09-27,Online,Delhi,2444.012
4321,Kids,Running,Free RN,XL,1,6646.84,0.0,6646.84,2024-01-15,Online,Mumbai,2658.7360000000003
4326,Women,Lifestyle,Air Force 1,XL,0,9604.84,0.31,0.0,2024-06-06,Retail,Delhi,0.0
4331,Women,Training,SuperRep Go,UNKNOWN,2,4574.53,0.04,8783.0976,2025-01-03,Retail,Kolkata,3513.23904
4332,Women,Running,Pegasus Turbo,UNKNOWN,1,6110.030000000001,0.12,5376.826400000001,2024-09-24,Online,Delhi,2150.7305600000004
4335,Kids,Running,Air Zoom,UNKNOWN,1,6110.030000000001,0.0,6110.030000000001,2025-06-30,Online,Kolkata,2444.012
2009,Kids,Running,Pegasus Turbo,L,1,6110.030000000001,0.84,977.6048000000003,2023-11-22,Retail,Delhi,391.0419200000001
4344,Kids,Soccer,Premier III,8,1,6110.030000000001,0.0,6110.030000000001,2024-01-18,Online,Delhi,2444.012
4345,Kids,Training,Metcon 7,UNKNOWN,1,2282.8,0.28,1643.616,2024-11-29,Retail,Pune,657.4464
4347,Men,Lifestyle,Dunk Low,12,1,9440.95,0.0,9440.95,2025-03-10,Retail,Hyderabad,3776.3800000000006
4348,Women,Lifestyle,Blazer Mid,UNKNOWN,1,6110.030000000001,0.0,6110.030000000001,2023-09-25,Online,Pune,2444.012
4350,Men,Soccer,Phantom GT,M,0,6110.030000000001,0.0,0.0,2024-05-30,Online,Delhi,0.0
4351,Men,Soccer,Mercurial Superfly,M,0,6110.030000000001,0.0,0.0,2024-08-19,Online,Pune,0.0
4352,Men,Running,Pegasus Turbo,9,1,9332.64,0.57,4013.0352000000003,2025-01-10,Retail,Kolkata,1605.2140800000002
4362,Men,Training,Flex Trainer,UNKNOWN,1,6110.030000000001,0.0,6110.030000000001,2025-07-08,Online,Kolkata,2444.012
4367,Kids,Basketball,Kyrie Flytrap,UNKNOWN,1,8832.85,0.0,8832.85,2024-01-08,Retail,Kolkata,3533.1400000000003
4378,Men,Training,Flex Trainer,UNKNOWN,4,2620.09,0.0,10480.36,2024-08-29,Online,Mumbai,4192.144
4383,Women,Soccer,Tiempo Legend,UNKNOWN,1,6110.030000000001,0.16,5132.425200000001,2024-12-24,Retail,Delhi,2052.9700800000005
4384,Women,Running,Pegasus Turbo,UNKNOWN,1,6110.030000000001,0.6,2444.012,2024-06-15,Online,Kolkata,977.6048000000001
4385,Men,Basketball,Kyrie Flytrap,L,1,9057.85,0.84,1449.2560000000003,2023-12-13,Retail,Kolkata,579.7024000000001
4398,Men,Soccer,Premier III,XL,2,6110.030000000001,0.0,12220.060000000001,2024-06-29,Online,Delhi,4888.024
4410,Men,Basketball,Kyrie Flytrap,XL,1,5967.57,1.0,0.0,2024-01-26,Retail,Mumbai,0.0
4420,Women,Lifestyle,Blazer Mid,L,4,4904.79,1.0,0.0,2023-11-08,Retail,Pune,0.0
2007,Men,Soccer,Phantom GT,L,1,7652.31,0.0,7652.31,2023-09-29,Retail,Bangalore,3060.9240000000004
4425,Women,Running,Air Zoom,L,0,4034.25,0.0,0.0,2023-09-04,Retail,Delhi,0.0
4428,Kids,Lifestyle,Waffle One,UNKNOWN,2,6110.030000000001,0.0,12220.060000000001,2025-04-04,Online,Hyderabad,4888.024
4437,Men,Basketball,Kyrie Flytrap,XL,2,6110.030000000001,0.0,12220.060000000001,2023-11-25,Retail,Hyderabad,4888.024
4441,Kids,Soccer,Premier III,L,3,6110.030000000001,0.0,18330.090000000004,2024-05-05,Retail,Kolkata,7332.036000000002
4442,Women,Soccer,Phantom GT,L,1,6110.030000000001,0.0,6110.030000000001,2024-05-22,Retail,Hyderabad,2444.012
4447,Kids,Running,Free RN,XL,0,6110.030000000001,0.0,0.0,2024-12-12,Retail,Delhi,0.0
4456,Women,Basketball,Kyrie Flytrap,XL,1,6110.030000000001,0.32,4154.8204000000005,2023-12-16,Retail,Hyderabad,1661.9281600000004
4458,Kids,Soccer,Premier III,L,1,6500.77,0.22,5070.600600000001,2024-10-28,Retail,Mumbai,2028.2402400000003
4466,Kids,Soccer,Mercurial Superfly,UNKNOWN,1,4743.16,0.0,4743.16,2024-03-06,Retail,Mumbai,1897.2640000000001
4467,Kids,Lifestyle,Air Force 1,XL,1,3918.43,0.0,3918.43,2024-09-03,Retail,Kolkata,1567.372
4468,Men,Soccer,Premier III,XL,3,6077.13,1.0,0.0,2023-11-27,Online,Mumbai,0.0
4472,Women,Basketball,LeBron 20,UNKNOWN,2,6833.94,0.0,13667.88,2024-08-12,Online,Hyderabad,5467.152
4475,Kids,Soccer,Tiempo Legend,M,1,6110.030000000001,1.0,0.0,2024-03-04,Online,Hyderabad,0.0
4479,Kids,Lifestyle,Air Force 1,UNKNOWN,1,7530.67,0.0,7530.67,2024-12-04,Online,Kolkata,3012.268
4482,Kids,Soccer,Phantom GT,L,2,6110.030000000001,0.0,12220.060000000001,2024-07-16,Online,Mumbai,4888.024
4486,Women,Training,Flex Trainer,XL,1,6110.030000000001,0.0,6110.030000000001,2023-10-15,Online,Bangalore,2444.012
4489,Kids,Lifestyle,Blazer Mid,9,3,6110.030000000001,1.0,0.0,2025-04-02,Retail,Bangalore,0.0
4493,Women,Lifestyle,Blazer Mid,XL,4,6110.030000000001,0.0,24440.120000000003,2024-10-04,Online,Mumbai,9776.048
4495,Kids,Basketball,Kyrie Flytrap,XL,3,6110.030000000001,0.0,18330.090000000004,2025-05-14,Online,Pune,7332.036000000002
